"DESCRIPTION","DURATION IN MS","NAME","PARENT SUITE","START TIME","STATUS","STOP TIME","SUB SUITE","SUITE","TEST CLASS","TEST METHOD"
"","7631","Randomly Select and Validate Alert Text","","2026-06-10","passed","2026-06-10","","","",""
"","6437","Validate Radio Button Values","","2026-06-10","passed","2026-06-10","","","",""
"","6723","Reverse Form Field Labels","","2026-06-10","passed","2026-06-10","","","",""
"","10206","Filter Subjects by Word Count","","2026-06-10","passed","2026-06-10","","","",""
"","9982","Reverse Accordion Titles","","2026-06-10","passed","2026-06-10","","","",""
"","14334","Parse and Filter Progress Bar Values","","2026-06-10","passed","2026-06-10","","","",""
"","9361","Validate & Verify year Dropdown","","2026-06-10","passed","2026-06-10","","","",""
"","8047","Truncate Modal Text","","2026-06-10","passed","2026-06-10","","","",""
"","8139","Concatenate Hobby Checkboxes","","2026-06-10","passed","2026-06-10","","","",""
